{"nodes": [{"id": 0, "weight": 3128.0, "cluster": 0.0, "uncertainty_mean": 0.35910513717547415, "uncertainty_std": 5.551115123125783e-17}, {"id": 1, "weight": 21.0, "cluster": 0.0, "uncertainty_mean": 0.3032774811268643, "uncertainty_std": 0.0}, {"id": 2, "weight": 32.0, "cluster": 0.0, "uncertainty_mean": 0.3376173816976616, "uncertainty_std": 5.551115123125783e-17}], "links": [{"source": 0, "target": 1, "weight": 6.0, "mean": 6.0, "std": 0.0}, {"source": 0, "target": 2, "weight": 5.0, "mean": 5.0, "std": 0.0}]}