{"nodes": [{"id": 0, "weight": 0.0, "cluster": 0.0, "uncertainty_mean": 0.14911921343711596, "uncertainty_std": 2.7755575615628914e-17}, {"id": 1, "weight": 3192.0, "cluster": 0.0, "uncertainty_mean": 0.850880786562884, "uncertainty_std": 1.1102230246251565e-16}], "links": []}